<?xml version="1.0"?>
<!DOCTYPE service-builder PUBLIC "-//Liferay//DTD Service Builder 7.0.0//EN" "http://www.liferay.com/dtd/liferay-service-builder_7_0_0.dtd">

<service-builder auto-namespace-tables="false" package-path="com.liferay.bookmarks">
	<namespace>Bookmarks</namespace>
	<entity local-service="true" name="BookmarksEntry" remote-service="true" trash-enabled="true" uuid="true">

		<!-- PK fields -->

		<column name="entryId" primary="true" type="long" />

		<!-- Group instance -->

		<column name="groupId" type="long" />

		<!-- Audit fields -->

		<column name="companyId" type="long" />
		<column name="userId" type="long" />
		<column name="userName" type="String" />
		<column name="createDate" type="Date" />
		<column name="modifiedDate" type="Date" />

		<!-- Permission fields -->

		<column name="resourceBlockId" type="long" />

		<!-- Other fields -->

		<column name="folderId" type="long" />
		<column name="treePath" type="String" />
		<column name="name" type="String" />
		<column name="url" type="String" />
		<column name="description" type="String" />
		<column name="visits" type="int" />
		<column name="priority" type="int" />
		<column name="lastPublishDate" type="Date" />
		<column name="status" type="int" />
		<column name="statusByUserId" type="long" />
		<column name="statusByUserName" type="String" />
		<column name="statusDate" type="Date" />

		<!-- Order -->

		<order by="asc">
			<order-column name="folderId" />
			<order-column case-sensitive="false" name="name" />
		</order>

		<!-- Finder methods -->

		<finder name="CompanyId" return-type="Collection">
			<finder-column name="companyId" />
		</finder>
		<finder name="G_F" return-type="Collection">
			<finder-column name="groupId" />
			<finder-column arrayable-operator="OR" name="folderId" />
		</finder>
		<finder name="G_S" return-type="Collection">
			<finder-column name="groupId" />
			<finder-column name="status" />
		</finder>
		<finder name="G_NotS" return-type="Collection">
			<finder-column name="groupId" />
			<finder-column comparator="!=" name="status" />
		</finder>
		<finder name="C_NotS" return-type="Collection">
			<finder-column name="companyId" />
			<finder-column comparator="!=" name="status" />
		</finder>
		<finder name="G_U_S" return-type="Collection">
			<finder-column name="groupId" />
			<finder-column name="userId" />
			<finder-column name="status" />
		</finder>
		<finder name="G_U_NotS" return-type="Collection">
			<finder-column name="groupId" />
			<finder-column name="userId" />
			<finder-column comparator="!=" name="status" />
		</finder>
		<finder name="G_F_S" return-type="Collection">
			<finder-column name="groupId" />
			<finder-column arrayable-operator="OR" name="folderId" />
			<finder-column name="status" />
		</finder>
		<finder name="G_F_NotS" return-type="Collection">
			<finder-column name="groupId" />
			<finder-column arrayable-operator="OR" name="folderId" />
			<finder-column comparator="!=" name="status" />
		</finder>
		<finder name="G_U_F_S" return-type="Collection">
			<finder-column name="groupId" />
			<finder-column name="userId" />
			<finder-column arrayable-operator="OR" name="folderId" />
			<finder-column name="status" />
		</finder>

		<!-- References -->

		<reference entity="Group" package-path="com.liferay.portal" />
		<reference entity="PortletPreferences" package-path="com.liferay.portal" />
		<reference entity="Subscription" package-path="com.liferay.portal" />
		<reference entity="AssetEntry" package-path="com.liferay.portlet.asset" />
		<reference entity="AssetLink" package-path="com.liferay.portlet.asset" />
		<reference entity="AssetTag" package-path="com.liferay.portlet.asset" />
		<reference entity="ExpandoRow" package-path="com.liferay.portlet.expando" />
		<reference entity="RatingsStats" package-path="com.liferay.portlet.ratings" />
		<reference entity="SocialActivity" package-path="com.liferay.portlet.social" />
		<reference entity="TrashEntry" package-path="com.liferay.portlet.trash" />
		<reference entity="TrashVersion" package-path="com.liferay.portlet.trash" />
	</entity>
	<entity local-service="true" name="BookmarksFolder" remote-service="true" trash-enabled="true" uuid="true">

		<!-- PK fields -->

		<column container-model="true" name="folderId" primary="true" type="long" />

		<!-- Group instance -->

		<column name="groupId" type="long" />

		<!-- Audit fields -->

		<column name="companyId" type="long" />
		<column name="userId" type="long" />
		<column name="userName" type="String" />
		<column name="createDate" type="Date" />
		<column name="modifiedDate" type="Date" />

		<!-- Permission fields -->

		<column name="resourceBlockId" type="long" />

		<!-- Other fields -->

		<column name="parentFolderId" parent-container-model="true" type="long" />
		<column name="treePath" type="String" />
		<column name="name" type="String" />
		<column name="description" type="String" />
		<column name="lastPublishDate" type="Date" />
		<column name="status" type="int" />
		<column name="statusByUserId" type="long" />
		<column name="statusByUserName" type="String" />
		<column name="statusDate" type="Date" />

		<!-- Order -->

		<order by="asc">
			<order-column name="parentFolderId" />
			<order-column case-sensitive="false" name="name" />
		</order>

		<!-- Finder methods -->

		<finder name="GroupId" return-type="Collection">
			<finder-column name="groupId" />
		</finder>
		<finder name="CompanyId" return-type="Collection">
			<finder-column name="companyId" />
		</finder>
		<finder name="G_P" return-type="Collection">
			<finder-column name="groupId" />
			<finder-column name="parentFolderId" />
		</finder>
		<finder name="C_NotS" return-type="Collection">
			<finder-column name="companyId" />
			<finder-column comparator="!=" name="status" />
		</finder>
		<finder name="G_P_S" return-type="Collection">
			<finder-column name="groupId" />
			<finder-column name="parentFolderId" />
			<finder-column name="status" />
		</finder>
		<finder name="G_P_NotS" return-type="Collection">
			<finder-column name="groupId" />
			<finder-column name="parentFolderId" />
			<finder-column comparator="!=" name="status" />
		</finder>
		<finder db-index="false" name="F_C_P_NotS" return-type="Collection">
			<finder-column comparator="&gt;" name="folderId" />
			<finder-column name="companyId" />
			<finder-column name="parentFolderId" />
			<finder-column comparator="!=" name="status" />
		</finder>

		<!-- References -->

		<reference entity="Group" package-path="com.liferay.portal" />
		<reference entity="Subscription" package-path="com.liferay.portal" />
		<reference entity="AssetEntry" package-path="com.liferay.portlet.asset" />
		<reference entity="AssetLink" package-path="com.liferay.portlet.asset" />
		<reference entity="ExpandoRow" package-path="com.liferay.portlet.expando" />
		<reference entity="RatingsStats" package-path="com.liferay.portlet.ratings" />
		<reference entity="SocialActivity" package-path="com.liferay.portlet.social" />
		<reference entity="TrashEntry" package-path="com.liferay.portlet.trash" />
		<reference entity="TrashVersion" package-path="com.liferay.portlet.trash" />
	</entity>
	<exceptions>
		<exception>EntryURL</exception>
		<exception>FolderName</exception>
	</exceptions>
</service-builder>