<?xml version="1.0"?>
<!DOCTYPE service-builder PUBLIC "-//Liferay//DTD Service Builder 7.0.0//EN" "http://www.liferay.com/dtd/liferay-service-builder_7_0_0.dtd">

<service-builder package-path="com.liferay.training.parts">
	<author>Samir</author>
	<namespace>Inventory</namespace>
	<!--<entity data-source="sampleDataSource" local-service="true" name="Foo" remote-service="false" session-factory="sampleSessionFactory" table="foo" tx-manager="sampleTransactionManager uuid="true"">-->
	 	<!-- Define the entity for the Inventory_Manufacturer table -->
	<entity name="Manufacturer" local-service="true" remote-service="false">

		<!-- Primary key column -->
		<column name="manufacturerId" type="long" primary="true" />

		<!-- Foreign key columns -->
		<column name="companyId" type="long" />
		<column name="groupId" type="long" />
		<column name="userId" type="long" />

		<!-- Other columns -->
		<column name="name" type="String" />
		<column name="emailAddress" type="String" />
		<column name="website" type="String" />
		<column name="phoneNumber" type="String" />

		<!-- Audit Fields -->
		<column name="createDate" type="Date" />
		<column name="modifiedDate" type="Date" />
		<column name="userName" type="String" />

		<!-- Permission fields -->

		<column name="resourceBlockId" type="long" />
				<!-- Status fields -->
		<column name="status" type="int" />
		<column name="statusByUserId" type="long" />
		<column name="statusByUserName" type="String" />
		<column name="statusDate" type="Date" />
		
		<!-- Sort order -->
		<order by="asc">
			<order-column name="name" />
		</order>

		<!-- Finder Methods -->
		<finder name="GroupId" return-type="Collection">
			<finder-column name="groupId" />
		</finder>
		
		<reference package-path="com.liferay.portlet.asset" entity="AssetEntry" />
		<reference package-path="com.liferay.portlet.asset" entity="AssetTag" />
		<reference package-path="com.liferay.portlet.asset" entity="AssetLink" />
	</entity>
			<!-- Define the entity for the Inventory_Part table -->
	<entity name="Part" local-service="true" remote-service="false">

		<!-- Primary key column -->
		<column name="partId" type="long" primary="true" />

		<!-- Foreign key columns -->
		<column name="companyId" type="long" />
		<column name="groupId" type="long" />
		<column name="userId" type="long" />
		<column name="manufacturerId" type="long" />

		<!-- Other columns -->
		<column name="name" type="String" localized="true" />
		<column name="partNumber" type="String" />
		<column name="orderDate" type="Date" />
		<column name="quantity" type="int"/>

		<!-- Audit Fields -->
		<column name="createDate" type="Date" />
		<column name="modifiedDate" type="Date" />
		<column name="userName" type="String" />

		<column name="resourceBlockId" type="long" />
				<!-- Status fields -->
		<column name="status" type="int" />
		<column name="statusByUserId" type="long" />
		<column name="statusByUserName" type="String" />
		<column name="statusDate" type="Date" />

		<!-- Sort order -->
		<order by="asc">
			<order-column name="name" />
		</order>

		<!-- Finder Methods -->
		<finder name="GroupId" return-type="Collection">
			<finder-column name="groupId" />
		</finder>

		<finder name="Manufacturer" return-type="Collection">
			<finder-column name="manufacturerId" />
            <finder-column name="groupId" />
		</finder>

		<reference package-path="com.liferay.portlet.asset" entity="AssetEntry" />
		<reference package-path="com.liferay.portlet.asset" entity="AssetTag" />
		<reference package-path="com.liferay.portlet.asset" entity="AssetLink" />
	</entity>
	 	
</service-builder>