<?xml version="1.0"?>
<!DOCTYPE service-builder PUBLIC "-//Liferay//DTD Service Builder 7.0.0//EN" "http://www.liferay.com/dtd/liferay-service-builder_7_0_0.dtd">

<service-builder package-path="com.liferay.training.space.gradebook">
	<namespace>FOO</namespace>
	<!--<entity data-source="sampleDataSource" local-service="true" name="Foo" remote-service="false" session-factory="sampleSessionFactory" table="foo" tx-manager="sampleTransactionManager uuid="true"">-->
		<entity name="Assignment" uuid="true" local-service="true" remote-service="true">

		<!-- PK fields -->

		<column name="assignmentId" type="long" primary="true" />

		<!-- Group instance -->

		<column name="groupId" type="long" />

		<!-- Audit fields -->

		<column name="companyId" type="long" />
		<column name="userId" type="long" />
		<column name="userName" type="String" />
		<column name="createDate" type="Date" />
		<column name="modifiedDate" type="Date" />
		<column name="dueDate" type="Date" />

		<!-- Permission fields -->

		<column name="resourceBlockId" type="long" />
				<!-- Status fields -->
		<column name="status" type="int" />
		<column name="statusByUserId" type="long" />
		<column name="statusByUserName" type="String" />
		<column name="statusDate" type="Date" />

		<!-- Other fields -->

		<column name="title" type="String" localized="true" />
		<column name="description" type="String" />

		<!-- Order -->

		<order by="asc">
			<order-column name="title" order-by="asc"/>
		</order>

		<!-- Finder methods -->

		<finder name="GroupId" return-type="Collection">
			<finder-column name="groupId" />
		</finder>
			<finder name="Status" return-type="Collection">
			<finder-column name="status" />
		</finder>

		<finder name="G_S" return-type="Collection">
			<finder-column name="groupId" />
			<finder-column name="status" />
		</finder>
		<!-- References -->

		<reference package-path="com.liferay.portlet.asset" entity="AssetEntry" />
		<reference package-path="com.liferay.portlet.asset" entity="AssetTag" />
		<reference package-path="com.liferay.portlet.asset" entity="AssetLink" />
	</entity>
	
	    <entity name="Submission" local-service="true" remote-service="false">
        <column name="submissionId" type="long" primary="true" />
        
        <!-- Group instance -->

		<column name="groupId" type="long" />

		<!-- Audit fields -->

		<column name="companyId" type="long" />
		<column name="userId" type="long" />
		<column name="userName" type="String" />
		<column name="createDate" type="Date" />
		<column name="modifiedDate" type="Date" />
        <column name="assignmentId" type="long"></column>
        <column name="studentId" type="long"></column>
        <column name="submitDate" type="Date"></column>
        <column name="comment" type="String"></column>
        <column name="grade" type="int"></column>
        
        <finder name="GroupId" return-type="Collection">
            <finder-column name="groupId"></finder-column>
        </finder>
        <finder name="G_A" return-type="Collection">
            <finder-column name="groupId"></finder-column>
            <finder-column name="assignmentId"></finder-column>
        </finder>
        <finder name="StudentId" return-type="Collection">
            <finder-column name="studentId"></finder-column>
        </finder>
        
		<!-- References -->

		<reference package-path="com.liferay.portlet.asset" entity="AssetEntry" />
		<reference package-path="com.liferay.portlet.asset" entity="AssetTag" />    
	</entity>
	
</service-builder>