<?xml version="1.0"?>
<!DOCTYPE routes PUBLIC "-//Liferay//DTD Friendly URL Routes 7.0.0//EN" "http://www.liferay.com/dtd/liferay-friendly-url-routes_7_0_0.dtd">

<routes>
	<route>
		<pattern></pattern>
		<implicit-parameter name="mvcRenderCommandName">/bookmarks/view</implicit-parameter>
		<implicit-parameter name="p_p_lifecycle">0</implicit-parameter>
		<implicit-parameter name="p_p_state">normal</implicit-parameter>
	</route>
	<route>
		<pattern>/maximized</pattern>
		<implicit-parameter name="mvcRenderCommandName">/bookmarks/view</implicit-parameter>
		<implicit-parameter name="p_p_lifecycle">0</implicit-parameter>
		<implicit-parameter name="p_p_state">maximized</implicit-parameter>
	</route>
	<route>
		<pattern>/{userIdAndInstanceId}/folder/{folderId:\d+}</pattern>
		<implicit-parameter name="mvcRenderCommandName">/bookmarks/view_folder</implicit-parameter>
		<implicit-parameter name="p_p_lifecycle">0</implicit-parameter>
		<implicit-parameter name="p_p_state">normal</implicit-parameter>
	</route>
	<route>
		<pattern>/{userIdAndInstanceId}/folder/{folderId:\d+}/{p_p_state}</pattern>
		<implicit-parameter name="mvcRenderCommandName">/bookmarks/view_folder</implicit-parameter>
		<implicit-parameter name="p_p_lifecycle">0</implicit-parameter>
		<implicit-parameter name="p_p_state">normal</implicit-parameter>
	</route>
</routes>