<?xml version="1.0"?>
<!DOCTYPE hibernate-mapping PUBLIC "-//Hibernate/Hibernate Mapping DTD 3.0//EN" "http://hibernate.sourceforge.net/hibernate-mapping-3.0.dtd">

<hibernate-mapping auto-import="false" default-lazy="false">
	<import class="com.liferay.training.space.gradebook.model.Assignment" />
	<import class="com.liferay.training.space.gradebook.model.Submission" />
	<class name="com.liferay.training.space.gradebook.model.impl.AssignmentImpl" table="FOO_Assignment">
		<id name="assignmentId" type="long">
			<generator class="assigned" />
		</id>
		<property column="uuid_" name="uuid" type="com.liferay.portal.dao.orm.hibernate.StringType" />
		<property name="groupId" type="com.liferay.portal.dao.orm.hibernate.LongType" />
		<property name="companyId" type="com.liferay.portal.dao.orm.hibernate.LongType" />
		<property name="userId" type="com.liferay.portal.dao.orm.hibernate.LongType" />
		<property name="userName" type="com.liferay.portal.dao.orm.hibernate.StringType" />
		<property name="createDate" type="org.hibernate.type.TimestampType" />
		<property name="modifiedDate" type="org.hibernate.type.TimestampType" />
		<property name="dueDate" type="org.hibernate.type.TimestampType" />
		<property name="resourceBlockId" type="com.liferay.portal.dao.orm.hibernate.LongType" />
		<property name="status" type="com.liferay.portal.dao.orm.hibernate.IntegerType" />
		<property name="statusByUserId" type="com.liferay.portal.dao.orm.hibernate.LongType" />
		<property name="statusByUserName" type="com.liferay.portal.dao.orm.hibernate.StringType" />
		<property name="statusDate" type="org.hibernate.type.TimestampType" />
		<property name="title" type="com.liferay.portal.dao.orm.hibernate.StringType" />
		<property name="description" type="com.liferay.portal.dao.orm.hibernate.StringType" />
	</class>
	<class name="com.liferay.training.space.gradebook.model.impl.SubmissionImpl" table="FOO_Submission">
		<id name="submissionId" type="long">
			<generator class="assigned" />
		</id>
		<property name="groupId" type="com.liferay.portal.dao.orm.hibernate.LongType" />
		<property name="companyId" type="com.liferay.portal.dao.orm.hibernate.LongType" />
		<property name="userId" type="com.liferay.portal.dao.orm.hibernate.LongType" />
		<property name="userName" type="com.liferay.portal.dao.orm.hibernate.StringType" />
		<property name="createDate" type="org.hibernate.type.TimestampType" />
		<property name="modifiedDate" type="org.hibernate.type.TimestampType" />
		<property name="assignmentId" type="com.liferay.portal.dao.orm.hibernate.LongType" />
		<property name="studentId" type="com.liferay.portal.dao.orm.hibernate.LongType" />
		<property name="submitDate" type="org.hibernate.type.TimestampType" />
		<property column="comment_" name="comment" type="com.liferay.portal.dao.orm.hibernate.StringType" />
		<property name="grade" type="com.liferay.portal.dao.orm.hibernate.IntegerType" />
	</class>
</hibernate-mapping>